,comments,date,subreddit,thumbnail,title,url,votes
0,6784,Thu Jun 23 14:30:23 2016 UTC,/r/worldnews,,"Man opens fire at cinema complex in Germany, several people wounded – report",https://www.rt.com/news/347958-germany-gunman-cinema-shooting/,6970
1,238,Thu Jun 23 14:12:05 2016 UTC,/r/pics,https://b.thumbs.redditmedia.com/TtIsN75YYis7fbMRTPcWCjZnvHeCtKiY57worqAiIUQ.jpg,Mad skills,https://imgur.com/gallery/AEDgA,5074
2,433,Thu Jun 23 12:38:06 2016 UTC,/r/aww,https://b.thumbs.redditmedia.com/Wc6AoKfhkXS38NiB0j9tqO9oBij_MF3Gbvsc3Z6AEtY.jpg,I get greeted like this everyday.,http://imgur.com/wecPnLs,6919
3,3130,Thu Jun 23 12:41:33 2016 UTC,/r/funny,https://b.thumbs.redditmedia.com/1ZRp2v23jOSqkzRmfcqjR5fthye4Iz1dRPwea7Bz9YQ.jpg,"Army Specialist was denied leave to go to a baby shower because his CO said ""Men don't go to baby showers"", so he changed his reason",http://imgur.com/WQ9f3g0,8063
4,1649,Thu Jun 23 12:37:11 2016 UTC,/r/Showerthoughts,,"If I wore a British flag sweater while in the UK, people would assume I'm a tourist. If I wore an American flag sweater while in America, they'd assume I'm a local.",https://www.reddit.com/r/Showerthoughts/comments/4pgifi/if_i_wore_a_british_flag_sweater_while_in_the_uk/,5668
5,1428,Thu Jun 23 11:42:53 2016 UTC,/r/gifs,https://b.thumbs.redditmedia.com/ZWNHCpxc-iPE-S3XorEuOT5pWTU_IJpsiCRZKdPQiXE.jpg,Pug is reunited with its owner after being stolen in a burglary,http://i.imgur.com/36CxdeG.gifv,6382
6,981,Thu Jun 23 12:06:52 2016 UTC,/r/videos,https://b.thumbs.redditmedia.com/JmaBJTJPLGpLMdyXZoMBnm48BVeUMhBDohu_izm0Mlo.jpg,What Happened Before History? Human Origins,https://www.youtube.com/watch?v=dGiQaabX3_o,5378
7,279,Thu Jun 23 13:12:52 2016 UTC,/r/todayilearned,https://b.thumbs.redditmedia.com/UrQ_74w98rdWE09Wk9naaiRFvKCtcfXXle-9Myh-VZA.jpg,"TIL that Nevada is the only state to have a ""None of the above"" option in Presidential elections",https://en.wikipedia.org/wiki/None_of_These_Candidates,3890
8,3868,Thu Jun 23 14:01:11 2016 UTC,/r/explainlikeimfive,,ELI5: Why is the AR-15 not considered an assault rifle? What makes a rifle an assault rifle?,https://www.reddit.com/r/explainlikeimfive/comments/4pgvfq/eli5_why_is_the_ar15_not_considered_an_assault/,3267
9,790,Thu Jun 23 13:44:37 2016 UTC,/r/food,https://b.thumbs.redditmedia.com/NLiSc4E3VcY0pMhdTooNcUYqOlu1u7Y84U_oXw8w06E.jpg,Caprese salad I make at the restaurant I work at.,http://imgur.com/FC1kOTn,3242
10,245,Thu Jun 23 10:42:03 2016 UTC,/r/creepy,https://b.thumbs.redditmedia.com/R7DlAi8zYZ9P1AEwQKT6d0GkF3cmoRZbmBxalXWKRbU.jpg,Coraline's Other Mother Cosplay,http://i.imgur.com/5iPMM0d.jpg,4705
11,496,Thu Jun 23 11:35:08 2016 UTC,/r/mildlyinteresting,https://b.thumbs.redditmedia.com/BfP7brhsTTH0VhnBvqdhrt0SjP2Yfw5V0A_YZQeNIOo.jpg,"Someone who drives the same truck as me, in the same color, with the same NASA sticker in the same place on the back windshield parked next to me this morning.",http://imgur.com/pgY9tfA,3845
12,312,Thu Jun 23 09:41:33 2016 UTC,/r/photoshopbattles,https://b.thumbs.redditmedia.com/LIQW8gKR8Y7cCZh_e8KHqHVuSFuGqCpk_4Hl-UKr0aM.jpg,PsBattle: A cheetah refusing to paricipate in a dog race,https://i.imgur.com/5eTvtJl.jpg,5352
13,543,Thu Jun 23 15:27:38 2016 UTC,/r/movies,,"Last night, I paid $17 to see a movie and they showed 16 minutes of commercials before it started. And theaters wonder why people stay at home.",https://www.reddit.com/r/movies/comments/4pha8y/last_night_i_paid_17_to_see_a_movie_and_they/,1768
14,5045,Thu Jun 23 10:50:19 2016 UTC,/r/news,,Gun control protest sparks chaos in US Congress,http://www.standard.co.uk/news/world/gun-control-protest-sparks-chaos-in-us-congress-a3278811.html,3579
15,187,Thu Jun 23 16:23:44 2016 UTC,/r/LifeProTips,,LPT: Have a friend call up your ex-employers pretending to be a potential employer to see what they say about you,https://www.reddit.com/r/LifeProTips/comments/4phkgv/lpt_have_a_friend_call_up_your_exemployers/,False
16,448,Thu Jun 23 12:36:38 2016 UTC,/r/tifu,,TIFU by taking my entire hotel's internet down for a day,https://www.reddit.com/r/tifu/comments/4pgicf/tifu_by_taking_my_entire_hotels_internet_down_for/,2506
17,739,Thu Jun 23 08:24:58 2016 UTC,/r/gaming,https://b.thumbs.redditmedia.com/t2EW0e5yLtySiUFzVAaIgTwmTlxBo8yLzNbtLtNwssU.jpg,Tomb Raider Cosplay,http://i.imgur.com/DRqBzIw.png,5169
18,413,Thu Jun 23 15:14:32 2016 UTC,/r/television,https://b.thumbs.redditmedia.com/bVYZY6u63L8O9k2X-m5Q4fh4d9gdyHd2uJIRm4jLMCc.jpg,'Game of Thrones' ratings at record high: 23 million viewers,http://www.ew.com/article/2016/06/23/game-thrones-ratings,1355
19,1611,Thu Jun 23 07:08:58 2016 UTC,/r/nottheonion,https://a.thumbs.redditmedia.com/0n3aX7wYMljhMlZW4NXK_gqHzqXgUymMyCF6IGHJ_C4.jpg,Judge rules Texas prison must provide inmates with safe-drinking water,http://www.foxnews.com/us/2016/06/23/judge-rules-texas-prison-must-provide-inmates-with-safe-drinking-water.html,5816
20,8721,Thu Jun 23 08:07:05 2016 UTC,/r/AskReddit,,"Germans, Japanese, and Italians of Reddit, What did you learn about WW2 in School?",https://www.reddit.com/r/AskReddit/comments/4pfnig/germans_japanese_and_italians_of_reddit_what_did/,4763
21,116,Thu Jun 23 11:25:39 2016 UTC,/r/WritingPrompts,,[WP] The UK votes to leave Earth. It passes.,https://www.reddit.com/r/WritingPrompts/comments/4pg8rd/wp_the_uk_votes_to_leave_earth_it_passes/,2075
22,398,Thu Jun 23 11:34:17 2016 UTC,/r/science,,"Science AMA Series: Hi Reddit, I’m Mike Ellis, head of climate and landscape change science at the British Geological Survey and a member of the Anthropocene Working Group, here to talk about the impact of human activity on the Earth. Ask Me Anything!",https://www.reddit.com/r/science/comments/4pg9t1/science_ama_series_hi_reddit_im_mike_ellis_head/,1708
23,190,Thu Jun 23 09:56:28 2016 UTC,/r/GetMotivated,https://b.thumbs.redditmedia.com/BzTvZxd-etuXitPPG3cdYnzM1xLDlKY164btUjYZiOM.jpg,[Image]saw this at the campus today,http://i.imgur.com/AUeDVGc.jpg,2133
24,942,Thu Jun 23 04:51:06 2016 UTC,/r/UpliftingNews,https://b.thumbs.redditmedia.com/cDX3C1xQxqEcQQ-zj1fz-EpxHQLAHPG2_yfQa6l7UWM.jpg,LeBron James pledges $87M for hometown kids to attend college,http://nypost.com/2015/08/14/lebron-james-pledges-87m-for-hometown-kids-to-attend-college/,5203
